<?xml version="1.0" encoding="UTF-8"?>
<project-private xmlns="http://www.netbeans.org/ns/project-private/1">
    <editor-bookmarks xmlns="http://www.netbeans.org/ns/editor-bookmarks/2" lastBookmarkId="0"/>
    <open-files xmlns="http://www.netbeans.org/ns/projectui-open-files/2">
        <group>
            <file>file:/C:/Users/Joel/Documents/NetBeansProjects/Ejercicio%20OnReady/src/Modelos/CompararVehiculo.java</file>
            <file>file:/C:/Users/Joel/Documents/NetBeansProjects/Ejercicio%20OnReady/src/Modelos/Concesionaria.java</file>
            <file>file:/C:/Users/Joel/Documents/NetBeansProjects/Ejercicio%20OnReady/src/Logica/EjercicioOnReady.java</file>
            <file>file:/C:/Users/Joel/Documents/NetBeansProjects/Ejercicio%20OnReady/src/Modelos/Moto.java</file>
            <file>file:/C:/Users/Joel/Documents/NetBeansProjects/Ejercicio%20OnReady/src/Modelos/Auto.java</file>
        </group>
    </open-files>
</project-private>
